angle,curLapTime,damage,fuel,gear,lastLapTime,rpm,speedX,speedY,trackPos,wheel_FL,wheel_FR,wheel_RL,wheel_RR
0.0041477,-0.982,0,100.0,0,0.0,5235.99,0.000891239,-0.000475361,0.33299,0.0,0.0,0.0,0.0
0.0041477,-0.962,0,100.0,0,0.0,5235.99,0.000891239,-0.000475361,0.33299,0.0,0.0,0.0,0.0
0.0041477,-0.942,0,100.0,0,0.0,5235.99,0.000891239,-0.000475361,0.33299,0.0,0.0,0.0,0.0
0.0041477,-0.922,0,100.0,0,0.0,5235.99,0.000891239,-0.000475361,0.33299,0.0,0.0,0.0,0.0
0.0041477,-0.902,0,100.0,0,0.0,5235.99,0.000891239,-0.000475361,0.33299,0.0,0.0,0.0,0.0
0.0041477,-0.882,0,100.0,0,0.0,5235.99,0.000891239,-0.000475361,0.33299,0.0,0.0,0.0,0.0
0.0041477,-0.862,0,100.0,0,0.0,5235.99,0.000891239,-0.000475361,0.33299,0.0,0.0,0.0,0.0
0.0041477,-0.842,0,100.0,0,0.0,5235.99,0.000891239,-0.000475361,0.33299,0.0,0.0,0.0,0.0
0.0041477,-0.822,0,100.0,0,0.0,5235.99,0.000891239,-0.000475361,0.33299,0.0,0.0,0.0,0.0
0.0041477,-0.802,0,100.0,0,0.0,5235.99,0.000891239,-0.000475361,0.33299,0.0,0.0,0.0,0.0
0.0041477,-0.782,0,100.0,0,0.0,5235.99,0.000891239,-0.000475361,0.33299,0.0,0.0,0.0,0.0
0.0041477,-0.762,0,100.0,0,0.0,5235.99,0.000891239,-0.000475361,0.33299,0.0,0.0,0.0,0.0
0.0041477,-0.742,0,100.0,0,0.0,5235.99,0.000891239,-0.000475361,0.33299,0.0,0.0,0.0,0.0
0.0041477,-0.722,0,100.0,0,0.0,5235.99,0.000891239,-0.000475361,0.33299,0.0,0.0,0.0,0.0
0.0041477,-0.702,0,100.0,0,0.0,5235.99,0.000891239,-0.000475361,0.33299,0.0,0.0,0.0,0.0
0.0041477,-0.682,0,100.0,0,0.0,5235.99,0.000891239,-0.000475361,0.33299,0.0,0.0,0.0,0.0
0.0041477,-0.662,0,100.0,0,0.0,5235.99,0.000891239,-0.000475361,0.33299,0.0,0.0,0.0,0.0
0.0041477,-0.642,0,100.0,0,0.0,5235.99,0.000891239,-0.000475361,0.33299,0.0,0.0,0.0,0.0
0.0041477,-0.622,0,100.0,0,0.0,5235.99,0.000891239,-0.000475361,0.33299,0.0,0.0,0.0,0.0
0.0041477,-0.602,0,100.0,0,0.0,5235.99,0.000891239,-0.000475361,0.33299,0.0,0.0,0.0,0.0
0.0041477,-0.582,0,100.0,0,0.0,5235.99,0.000891239,-0.000475361,0.33299,0.0,0.0,0.0,0.0
0.0041477,-0.562,0,100.0,0,0.0,5235.99,0.000891239,-0.000475361,0.33299,0.0,0.0,0.0,0.0
0.0041477,-0.542,0,100.0,0,0.0,5235.99,0.000891239,-0.000475361,0.33299,0.0,0.0,0.0,0.0
0.0041477,-0.522,0,100.0,0,0.0,5235.99,0.000891239,-0.000475361,0.33299,0.0,0.0,0.0,0.0
0.0041477,-0.502,0,100.0,0,0.0,5235.99,0.000891239,-0.000475361,0.33299,0.0,0.0,0.0,0.0
0.0041477,-0.482,0,100.0,0,0.0,5235.99,0.000891239,-0.000475361,0.33299,0.0,0.0,0.0,0.0
0.0041477,-0.462,0,100.0,0,0.0,5235.99,0.000891239,-0.000475361,0.33299,0.0,0.0,0.0,0.0
0.0041477,-0.442,0,100.0,0,0.0,5235.99,0.000891239,-0.000475361,0.33299,0.0,0.0,0.0,0.0
0.0041477,-0.422,0,100.0,0,0.0,5235.99,0.000891239,-0.000475361,0.33299,0.0,0.0,0.0,0.0
0.0041477,-0.402,0,100.0,0,0.0,5235.99,0.000891239,-0.000475361,0.33299,0.0,0.0,0.0,0.0
0.0041477,-0.382,0,100.0,0,0.0,5235.99,0.000891239,-0.000475361,0.33299,0.0,0.0,0.0,0.0
0.0041477,-0.362,0,100.0,0,0.0,5235.99,0.000891239,-0.000475361,0.33299,0.0,0.0,0.0,0.0
0.0041477,-0.342,0,100.0,0,0.0,5235.99,0.000891239,-0.000475361,0.33299,0.0,0.0,0.0,0.0
0.0041477,-0.322,0,100.0,0,0.0,5235.99,0.000891239,-0.000475361,0.33299,0.0,0.0,0.0,0.0
0.0041477,-0.302,0,100.0,0,0.0,5235.99,0.000891239,-0.000475361,0.33299,0.0,0.0,0.0,0.0
0.0041477,-0.282,0,100.0,0,0.0,5235.99,0.000891239,-0.000475361,0.33299,0.0,0.0,0.0,0.0
0.0041477,-0.262,0,100.0,0,0.0,5235.99,0.000891239,-0.000475361,0.33299,0.0,0.0,0.0,0.0
0.0041477,-0.242,0,100.0,0,0.0,5235.99,0.000891239,-0.000475361,0.33299,0.0,0.0,0.0,0.0
0.0041477,-0.222,0,100.0,0,0.0,5235.99,0.000891239,-0.000475361,0.33299,0.0,0.0,0.0,0.0
0.0041477,-0.202,0,100.0,0,0.0,5235.99,0.000891239,-0.000475361,0.33299,0.0,0.0,0.0,0.0
0.0041477,-0.182,0,100.0,0,0.0,5235.99,0.000891239,-0.000475361,0.33299,0.0,0.0,0.0,0.0
0.0041477,-0.162,0,100.0,0,0.0,5235.99,0.000891239,-0.000475361,0.33299,0.0,0.0,0.0,0.0
0.0041477,-0.142,0,100.0,0,0.0,5235.99,0.000891239,-0.000475361,0.33299,0.0,0.0,0.0,0.0
0.0041477,-0.122,0,100.0,0,0.0,5235.99,0.000891239,-0.000475361,0.33299,0.0,0.0,0.0,0.0
0.0041477,-0.102,0,100.0,0,0.0,5235.99,0.000891239,-0.000475361,0.33299,0.0,0.0,0.0,0.0
0.0041477,-0.082,0,100.0,0,0.0,5235.99,0.000891239,-0.000475361,0.33299,0.0,0.0,0.0,0.0
0.0041477,-0.062,0,100.0,0,0.0,5235.99,0.000891239,-0.000475361,0.33299,0.0,0.0,0.0,0.0
0.0041477,-0.042,0,100.0,0,0.0,5235.99,0.000891239,-0.000475361,0.33299,0.0,0.0,0.0,0.0
0.0041477,-0.022,0,100.0,0,0.0,5235.99,0.000891239,-0.000475361,0.33299,0.0,0.0,0.0,0.0
0.00469607,0.018,0,100.0,0,0.0,5235.99,0.000850906,0.0186641,0.333007,0.886436,-0.903349,1.17724,-1.16641
0.00471562,0.038,0,100.0,1,0.0,5235.99,0.000727299,0.00428682,0.33302,-0.624049,0.629525,-0.823419,0.814733
0.00489777,0.058,0,100.0,1,0.0,5235.99,0.000773864,-0.00883563,0.333016,0.854005,-0.876128,0.820897,-0.816276
0.00487727,0.078,0,100.0,1,0.0,5235.99,0.000485222,-0.0178984,0.333001,-0.642294,0.646262,-0.822633,0.810254
0.00504177,0.098,0,100.0,1,0.0,5235.99,0.000528204,-0.0238204,0.332977,0.829735,-0.852819,0.815708,-0.815426
0.00500935,0.118,0,100.0,1,0.0,5235.99,0.000236881,-0.0278474,0.332948,-0.65273,0.656551,-0.82387,0.806831
0.00516384,0.138,0,100.0,1,0.0,5235.99,0.000193778,-0.0302724,0.332915,0.816714,-0.838826,0.813228,-0.815893
0.00512379,0.158,0,100.0,1,0.0,5235.99,-6.3454e-05,-0.0317199,0.332881,-0.661633,0.666456,-0.825774,0.804938
0.00527209,0.178,0,100.0,1,0.0,5235.99,-0.000149628,-0.0323118,0.332845,0.811128,-0.831513,0.811932,-0.81751
0.00522631,0.198,0,100.0,1,0.0,5235.99,-0.000400626,-0.0324426,0.332809,-0.670634,0.676716,-0.827687,0.804231
0.00537031,0.218,0,100.0,1,0.0,5235.99,-0.000549154,-0.032113,0.332773,0.808198,-0.826711,0.81177,-0.818751
0.00532072,0.238,0,100.0,1,0.0,5235.99,-0.00085745,-0.0316272,0.332738,-0.676543,0.68509,-0.828414,0.804669
0.00541609,0.26,0,100.0,1,0.0,5235.99,-0.00112596,-0.0286151,0.332699,-0.305092,0.309228,-0.82491,0.805446
0.00546187,0.28,0,100.0,1,0.0,5235.99,-0.00131033,-0.0321908,0.332665,0.430265,-0.437146,0.808875,-0.819622
0.00550001,0.3,0,100.0,1,0.0,5235.99,-0.00163155,-0.0268625,0.332633,-0.307654,0.315712,-0.824775,0.806022
0.00554245,0.32,0,100.0,1,0.0,5235.99,-0.00180514,-0.0302905,0.332601,0.427654,-0.430248,0.809198,-0.819386
0.00557822,0.34,0,100.0,1,0.0,5235.99,-0.00213445,-0.0248707,0.332571,-0.309345,0.322307,-0.824399,0.806297
0.00561779,0.36,0,100.0,1,0.0,5235.99,-0.00232709,-0.0282229,0.332541,0.425989,-0.423078,0.809577,-0.818688
0.00565069,0.38,0,100.0,1,0.0,5235.99,-0.00263771,-0.0227763,0.332513,-0.310425,0.329012,-0.823742,0.806611
0.00568741,0.4,0,100.0,1,0.0,5235.99,-0.00281075,-0.0260995,0.332486,0.424691,-0.41621,0.810036,-0.818127
0.00571793,0.42,0,100.0,1,0.0,5235.99,-0.00312845,-0.0206506,0.33246,-0.311365,0.335596,-0.82299,0.807487
0.00575226,0.44,0,100.0,1,0.0,5235.99,-0.00330403,-0.0239685,0.332435,0.423785,-0.409746,0.811402,-0.817199
0.00578039,0.46,0,100.0,1,0.0,5235.99,-0.00359977,-0.0185381,0.332412,-0.312366,0.34192,-0.822003,0.809005
0.00581234,0.48,0,100.0,1,0.0,5235.99,-0.00375109,-0.021865,0.332389,0.422893,-0.403723,0.813072,-0.816155
0.00579375,0.502,0,100.0,1,0.0,5235.99,-0.00403554,-0.0185677,0.332366,-0.686553,0.72776,-0.823456,0.809183
0.00591677,0.522,0,100.0,1,0.0,5235.99,-0.00417411,-0.0174597,0.332346,0.794972,-0.777126,0.81772,-0.813232
0.00584668,0.542,0,100.0,1,0.0,5235.99,-0.00443002,-0.0165113,0.332327,-0.687603,0.73356,-0.821161,0.810704
0.00596731,0.562,0,100.0,1,0.0,5235.99,-0.00454804,-0.0154237,0.332309,0.794039,-0.771521,0.820144,-0.811631
0.00589531,0.582,0,100.0,1,0.0,5235.99,-0.00477622,-0.0145235,0.332293,-0.68853,0.739103,-0.818896,0.812305
0.00601357,0.602,0,100.0,1,0.0,5235.99,-0.00486887,-0.0134957,0.332277,0.793204,-0.766059,0.822304,-0.810244
0.00593918,0.622,0,100.0,1,0.0,5235.99,-0.00509745,-0.0126831,0.332263,-0.689402,0.744468,-0.816866,0.813936
0.00605601,0.642,0,100.0,1,0.0,5235.99,-0.00518347,-0.0117296,0.332249,0.792259,-0.760881,0.824415,-0.808723
0.00597971,0.662,0,100.0,1,0.0,5235.99,-0.00541527,-0.0109975,0.332237,-0.690228,0.749277,-0.814925,0.815665
0.00609463,0.682,0,100.0,1,0.0,5235.99,-0.00553768,-0.0101234,0.332225,0.791633,-0.756097,0.826763,-0.806831
0.00601643,0.702,0,100.0,1,0.0,5235.99,-0.00577788,-0.00946965,0.332214,-0.690621,0.753915,-0.812807,0.817779
0.00612944,0.722,0,100.0,1,0.0,5235.99,-0.00588851,-0.00865977,0.332204,0.791123,-0.751583,0.828726,-0.804831
0.00604933,0.742,0,100.0,1,0.0,5235.99,-0.00615332,-0.00805532,0.332195,-0.691043,0.758348,-0.810636,0.819994
0.00616091,0.762,0,100.0,1,0.0,5235.99,-0.00628505,-0.00728738,0.332186,0.790897,-0.746982,0.831002,-0.802546
0.00607937,0.782,0,100.0,1,0.0,5235.99,-0.00655903,-0.00670624,0.332179,-0.691326,0.763152,-0.808376,0.822355
0.00618904,0.802,0,100.0,1,0.0,5235.99,-0.00670585,-0.00595138,0.332172,0.790733,-0.742419,0.833521,-0.80003
0.00610607,0.822,0,100.0,1,0.0,5235.99,-0.00699711,-0.00538759,0.332166,-0.691372,0.767684,-0.805636,0.825013
0.00621432,0.842,0,100.0,1,0.0,5235.99,-0.0071558,-0.00465776,0.33216,0.790845,-0.737874,0.836289,-0.797218
0.00612944,0.862,0,100.0,1,0.0,5235.99,-0.00743778,-0.00411595,0.332155,-0.69114,0.772147,-0.802913,0.827733
0.00623625,0.882,0,100.0,1,0.0,5235.99,-0.00759222,-0.0034074,0.332151,0.791063,-0.733364,0.839019,-0.794502
0.00615042,0.902,0,100.0,1,0.0,5235.99,-0.00786941,-0.0028805,0.332148,-0.690826,0.776631,-0.800214,0.830486
0.00625532,0.922,0,100.0,1,0.0,5235.99,-0.00804091,-0.0021926,0.332145,0.791552,-0.728793,0.841952,-0.791554
0.00616806,0.942,0,100.0,1,0.0,5235.99,-0.00831358,-0.00168114,0.332143,-0.690323,0.781242,-0.797242,0.833543
0.00627201,0.962,0,100.0,1,0.0,5235.99,-0.00845471,-0.00100756,0.332141,0.791973,-0.724255,0.844808,-0.788662
0.00618285,0.982,0,100.0,1,0.0,5235.99,-0.00870492,-0.000505808,0.332141,-0.690001,0.785706,-0.794281,0.836304
0.00623673,1.004,0,100.0,1,0.0,5235.99,-0.00890988,0.00233799,0.332141,-0.316627,0.408537,-0.78521,0.834629
0.00624483,1.024,0,100.0,1,0.0,5235.99,-0.00902287,-0.00141771,0.332141,0.419458,-0.338146,0.841422,-0.780448
0.0062477,1.044,0,100.0,1,0.0,5235.99,-0.00926339,0.00345822,0.332143,-0.316161,0.412658,-0.781436,0.837087
0.00625485,1.064,0,100.0,1,0.0,5235.99,-0.00933352,-0.00032038,0.332144,0.419848,-0.334229,0.843837,-0.776966
0.0062558,1.084,0,100.0,1,0.0,5235.99,-0.0095453,0.00452385,0.332147,-0.315795,0.416466,-0.777995,0.839408
0.006262,1.104,0,100.0,1,0.0,5235.99,-0.00959569,0.000715958,0.33215,0.420151,-0.330524,0.846174,-0.773394
0.006262,1.124,0,100.0,1,0.0,5235.99,-0.0097806,0.00553376,0.332154,-0.315643,0.41997,-0.774384,0.841794
0.00626677,1.144,0,100.0,1,0.0,5235.99,-0.00980161,0.00170048,0.332157,0.420191,-0.327167,0.848556,-0.769791
0.00626581,1.164,0,100.0,1,0.0,5235.99,-0.00994361,0.00649725,0.332162,-0.315779,0.423139,-0.771025,0.844085
0.00626963,1.184,0,100.0,1,0.0,5235.99,-0.00994769,0.00264445,0.332167,0.420016,-0.324147,0.85085,-0.766251
0.00626725,1.204,0,100.0,1,0.0,5235.99,-0.0100769,0.00741526,0.332173,-0.316002,0.426017,-0.767309,0.84648
0.00627011,1.224,0,100.0,1,0.0,5235.99,-0.0100232,0.00353538,0.332179,0.41986,-0.321663,0.85312,-0.763135
0.00626725,1.244,0,100.0,1,0.0,5235.99,-0.0101041,0.0082603,0.332186,-0.316251,0.428128,-0.7644,0.848472
0.00626915,1.264,0,100.0,1,0.0,5235.99,-0.0100329,0.00433363,0.332193,0.419362,-0.319577,0.855044,-0.760081
0.00626534,1.284,0,100.0,1,0.0,5235.99,-0.0100842,0.00902914,0.3322,-0.316921,0.430006,-0.761503,0.850381
0.00626629,1.304,0,100.0,1,0.0,5235.99,-0.00998378,0.00507701,0.332208,0.418518,-0.317981,0.856936,-0.757268
0.00626152,1.324,0,100.0,1,0.0,5235.99,-0.0100126,0.00975141,0.332216,-0.317968,0.431476,-0.758719,0.85219
0.00626152,1.344,0,100.0,1,0.0,5235.99,-0.00987393,0.00578644,0.332225,0.417258,-0.316607,0.858572,-0.754854
0.00625628,1.364,0,100.0,1,0.0,5235.99,-0.00988733,0.0104472,0.332234,-0.319249,0.432633,-0.756344,0.853785
0.00625532,1.384,0,100.0,1,0.0,5235.99,-0.00972135,0.00646611,0.332244,0.41584,-0.315742,0.860059,-0.752605
0.00624913,1.404,0,100.0,1,0.0,5235.99,-0.00969621,0.0111076,0.332254,-0.32088,0.433161,-0.754398,0.855095
0.0062477,1.424,0,100.0,1,0.0,5235.99,-0.00951937,0.00710245,0.332263,0.414169,-0.315275,0.861271,-0.750738
0.00624054,1.444,0,100.0,1,0.0,5235.99,-0.00947322,0.0117209,0.332274,-0.322578,0.433457,-0.752756,0.856175
0.00623864,1.464,0,100.0,1,0.0,5235.99,-0.0092777,0.00769488,0.332285,0.412438,-0.315091,0.862234,-0.749379
0.00623101,1.484,0,100.0,1,0.0,5235.99,-0.0092222,0.012292,0.332297,-0.324473,0.433537,-0.751434,0.857066
0.00622814,1.504,0,100.0,1,0.0,5235.99,-0.00900312,0.00825351,0.332308,0.410343,-0.315088,0.862943,-0.748317
0.00621956,1.524,0,100.0,1,0.0,5235.99,-0.00894377,0.0128397,0.33232,-0.326505,0.433404,-0.750507,0.857733
0.00621622,1.544,0,100.0,1,0.0,5235.99,-0.00872224,0.00878255,0.332331,0.408289,-0.315473,0.86356,-0.747315
0.00620716,1.564,0,100.0,1,0.0,5235.99,-0.00864533,0.0133478,0.332344,-0.328767,0.432836,-0.749694,0.858259
0.00620335,1.584,0,100.0,1,0.0,5235.99,-0.00842367,0.00927478,0.332357,0.405951,-0.316075,0.864038,-0.74657
0.00619381,1.604,0,100.0,1,0.0,5235.99,-0.00833894,0.0138274,0.33237,-0.330987,0.432194,-0.749179,0.858541
0.00618904,1.624,0,100.0,1,0.0,5235.99,-0.0080917,0.00974079,0.332383,0.403644,-0.316859,0.864028,-0.746481
0.00617903,1.644,0,100.0,1,0.0,5235.99,-0.00800196,0.0142719,0.332397,-0.333351,0.431298,-0.749296,0.858462
0.00617379,1.664,0,100.0,1,0.0,5235.99,-0.00776162,0.0101701,0.33241,0.401201,-0.31787,0.863982,-0.746619
0.00616329,1.684,0,100.0,1,0.0,5235.99,-0.00766099,0.01469,0.332424,-0.335825,0.430238,-0.749717,0.858231
0.00615757,1.704,0,100.0,1,0.0,5235.99,-0.00741669,0.0105814,0.332437,0.398774,-0.318987,0.863629,-0.74732
0.00614661,1.724,0,100.0,1,0.0,5235.99,-0.00732363,0.0150863,0.332452,-0.338321,0.42906,-0.750373,0.85781
0.00614088,1.744,0,100.0,1,0.0,5235.99,-0.00710405,0.010966,0.332467,0.396308,-0.320152,0.863283,-0.74778
0.00612944,1.764,0,100.0,1,0.0,5235.99,-0.00701628,0.0154581,0.332482,-0.340715,0.427889,-0.750932,0.857387
0.00612276,1.784,0,100.0,1,0.0,5235.99,-0.0067809,0.0113232,0.332497,0.39401,-0.321404,0.862587,-0.748715
0.00611084,1.804,0,100.0,1,0.0,5235.99,-0.00669231,0.0157946,0.332512,-0.343065,0.426601,-0.752068,0.856646
0.00610417,1.824,0,100.0,1,0.0,5235.99,-0.00646723,0.0116493,0.332527,0.391568,-0.322485,0.861711,-0.749838
0.00609177,1.844,0,100.0,1,0.0,5235.99,-0.00638284,0.0161208,0.332543,-0.345424,0.425536,-0.753383,0.855742
0.00608462,1.864,0,100.0,1,0.0,5235.99,-0.00614208,0.0119708,0.332558,0.389213,-0.323818,0.860709,-0.751539
0.00607174,1.884,0,100.0,1,0.0,5235.99,-0.00606973,0.0164322,0.332574,-0.347829,0.424207,-0.754968,0.854667
0.00606411,1.904,0,100.0,1,0.0,5235.99,-0.00585733,0.0122688,0.332589,0.386944,-0.325124,0.859722,-0.752933
0.00605124,1.924,0,100.0,1,0.0,5235.99,-0.00578116,0.0167132,0.332605,-0.350004,0.422885,-0.756643,0.853559
0.00604361,1.944,0,100.0,1,0.0,5235.99,-0.00557244,0.012538,0.332622,0.384833,-0.326374,0.858585,-0.754838
0.00603026,1.964,0,100.0,1,0.0,5235.99,-0.00552291,0.0169718,0.332639,-0.352027,0.421585,-0.758243,0.852466
0.00602215,1.984,0,100.0,1,0.0,5235.99,-0.00534266,0.0127826,0.332655,0.382787,-0.327522,0.857583,-0.756157
0.00596064,2.006,0,100.0,1,0.0,5235.99,-0.00526942,0.0150375,0.332674,-0.727341,0.800031,-0.771917,0.858932
0.00599497,2.028,0,100.0,1,0.0,5235.99,-0.00514117,0.0173602,0.332693,-0.355316,0.419939,-0.76112,0.850638
0.00603169,2.05,0,100.0,1,0.0,5235.99,-0.00494618,0.0153812,0.332711,0.752716,-0.708784,0.866822,-0.766731
0.00597256,2.072,0,100.0,1,0.0,5235.99,-0.00480947,0.0133075,0.33273,0.378608,-0.329902,0.854498,-0.760814
0.00591009,2.094,0,100.0,1,0.0,5235.99,-0.00475963,0.0155541,0.332749,-0.731408,0.797645,-0.775824,0.854974
0.00594395,2.116,0,100.0,1,0.0,5235.99,-0.00465259,0.0178794,0.332768,-0.359424,0.417787,-0.765933,0.847335
0.00598019,2.138,0,100.0,1,0.0,5235.99,-0.00450776,0.0159067,0.332787,0.748801,-0.710828,0.863028,-0.770621
0.00592011,2.16,0,100.0,1,0.0,5235.99,-0.00442384,0.0138331,0.332806,0.374932,-0.331737,0.851596,-0.765206
0.00585717,2.182,0,100.0,1,0.0,5235.99,-0.00441456,0.0160771,0.332826,-0.734933,0.796033,-0.779354,0.851463
0.00589007,2.204,0,100.0,1,0.0,5235.99,-0.00435373,0.0183944,0.332846,-0.362554,0.416211,-0.769958,0.844706
0.00592583,2.226,0,100.0,1,0.0,5235.99,-0.00421718,0.0163943,0.332865,0.745716,-0.712278,0.859522,-0.774054
0.00586527,2.248,0,100.0,1,0.0,5235.99,-0.0041669,0.0143039,0.332886,0.372073,-0.333105,0.848954,-0.769305
0.00580185,2.27,0,100.0,1,0.0,5235.99,-0.00419015,0.01654,0.332907,-0.737589,0.794913,-0.7826,0.848099
0.00583428,2.292,0,100.0,1,0.0,5235.99,-0.00415772,0.0188435,0.332927,-0.364918,0.415197,-0.773831,0.842095
0.00586909,2.314,0,100.0,1,0.0,5235.99,-0.00405055,0.016822,0.332948,0.743563,-0.713173,0.856397,-0.777188
0.00580805,2.336,0,100.0,1,0.0,5235.99,-0.00403764,0.0147195,0.332969,0.37007,-0.333773,0.846622,-0.772813
0.00574416,2.358,0,100.0,1,0.0,5235.99,-0.00407663,0.016931,0.33299,-0.739263,0.794205,-0.78553,0.845167
0.0057761,2.38,0,100.0,1,0.0,5235.99,-0.00405649,0.0192087,0.333011,-0.366578,0.414729,-0.777362,0.839736
0.00581091,2.402,0,100.0,1,0.0,5235.99,-0.00398302,0.0171705,0.333031,0.742136,-0.713517,0.853652,-0.779911
0.0057494,2.424,0,100.0,1,0.0,5235.99,-0.00396569,0.015054,0.333052,0.368762,-0.334107,0.844318,-0.776276
0.00568503,2.446,0,100.0,1,0.0,5235.99,-0.00403934,0.0172562,0.333074,-0.740459,0.794007,-0.788143,0.842581
0.00571698,2.468,0,100.0,1,0.0,5235.99,-0.00403881,0.0195224,0.333095,-0.367605,0.414615,-0.780354,0.837743
0.00575083,2.49,0,100.0,1,0.0,5235.99,-0.00398747,0.0174732,0.333115,0.741174,-0.713389,0.851355,-0.782306
0.00568932,2.512,0,100.0,1,0.0,5235.99,-0.00399764,0.015354,0.333136,0.367955,-0.333808,0.84262,-0.778882
0.00562447,2.534,0,100.0,1,0.0,5235.99,-0.00407268,0.0175559,0.333158,-0.741218,0.794465,-0.790348,0.840405
0.00565594,2.556,0,100.0,1,0.0,5235.99,-0.00410045,0.0198232,0.333179,-0.36819,0.415097,-0.782695,0.836252
0.0056898,2.578,0,100.0,1,0.0,5235.99,-0.00405819,0.0177624,0.3332,0.740779,-0.712989,0.849498,-0.784132
0.00562733,2.6,0,100.0,1,0.0,5235.99,-0.00407859,0.0156297,0.333222,0.367638,-0.333389,0.841204,-0.780938
0.00556248,2.622,0,100.0,1,0.0,5235.99,-0.00417204,0.0178185,0.333244,-0.741368,0.794978,-0.79204,0.838893
0.00559347,2.644,0,100.0,1,0.0,5235.99,-0.00420641,0.0200723,0.333265,-0.368208,0.415703,-0.784562,0.834963
0.00562733,2.666,0,100.0,1,0.0,5235.99,-0.00416435,0.0179963,0.333286,0.740825,-0.712251,0.847868,-0.78573
0.00556486,2.688,0,100.0,1,0.0,5235.99,-0.00420109,0.0158621,0.333308,0.367713,-0.332551,0.840075,-0.782688
0.00549954,2.71,0,100.0,1,0.0,5235.99,-0.00430641,0.0180503,0.333331,-0.74128,0.795845,-0.793256,0.83756
0.00553006,2.732,0,100.0,1,0.0,5235.99,-0.00435507,0.0203068,0.333354,-0.368112,0.416709,-0.785903,0.834085
0.00556343,2.754,0,100.0,1,0.0,5235.99,-0.00433061,0.0182347,0.333376,0.741031,-0.71122,0.846928,-0.786599
0.00550049,2.776,0,100.0,1,0.0,5235.99,-0.00436581,0.0160913,0.333399,0.368028,-0.331455,0.839315,-0.783778
0.00543516,2.798,0,100.0,1,0.0,5235.99,-0.00448256,0.0182806,0.333422,-0.740844,0.797027,-0.794003,0.836673
0.00546568,2.82,0,100.0,1,0.0,5235.99,-0.00452583,0.0205343,0.333444,-0.367662,0.417829,-0.78686,0.833434
0.00549858,2.842,0,100.0,1,0.0,5235.99,-0.00451412,0.0184557,0.333466,0.741546,-0.710114,0.846369,-0.787254
0.00543564,2.864,0,100.0,1,0.0,5235.99,-0.00455865,0.0163054,0.333489,0.368644,-0.330342,0.838946,-0.784356
0.00537031,2.886,0,100.0,1,0.0,5235.99,-0.0046739,0.0184802,0.333512,-0.740217,0.798175,-0.794514,0.83634
0.00540036,2.908,0,100.0,1,0.0,5235.99,-0.00473755,0.0207284,0.333536,-0.367061,0.419209,-0.787099,0.833281
0.00543278,2.93,0,100.0,1,0.0,5235.99,-0.00472847,0.0186593,0.333558,0.742134,-0.708603,0.846208,-0.787348
0.00536984,2.952,0,100.0,1,0.0,5235.99,-0.00477957,0.0165205,0.333582,0.36918,-0.328817,0.83895,-0.784268
0.00530356,2.974,0,100.0,1,0.0,5235.99,-0.00488663,0.0187085,0.333605,-0.739597,0.799715,-0.794432,0.836222
0.0053336,2.996,0,100.0,1,0.0,5235.99,-0.00493327,0.0209529,0.333628,-0.366226,0.420539,-0.787312,0.833203
0.00536602,3.018,0,100.0,1,0.0,5235.99,-0.00492149,0.0188626,0.333651,0.743067,-0.707264,0.846112,-0.787551
0.0053026,3.04,0,100.0,1,0.0,5235.99,-0.00497263,0.0167128,0.333674,0.370189,-0.327487,0.838898,-0.784436
0.0052368,3.062,0,100.0,1,0.0,5235.99,-0.00509214,0.0188813,0.333697,-0.738596,0.800983,-0.794367,0.836426
0.00526636,3.084,0,100.0,1,0.0,5235.99,-0.00514939,0.0211133,0.33372,-0.365325,0.421843,-0.786856,0.833471
0.00529879,3.106,0,100.0,1,0.0,5235.99,-0.00514123,0.0190158,0.333743,0.744017,-0.706032,0.846595,-0.78704
0.00523537,3.128,0,100.0,1,0.0,5235.99,-0.00519952,0.0168457,0.333766,0.371148,-0.326151,0.839366,-0.783666
0.00516909,3.15,0,100.0,1,0.0,5235.99,-0.00531117,0.0190106,0.333789,-0.737861,0.802525,-0.793832,0.837122
0.00519865,3.172,0,100.0,1,0.0,5235.99,-0.00537535,0.0212629,0.333813,-0.364567,0.423544,-0.786007,0.834038
0.0052306,3.194,0,100.0,1,0.0,5235.99,-0.00536417,0.0191924,0.333835,0.744739,-0.70431,0.847372,-0.786301
0.00516671,3.216,0,100.0,1,0.0,5235.99,-0.00540809,0.0170485,0.333858,0.371933,-0.324481,0.839905,-0.782882
0.00510042,3.238,0,100.0,1,0.0,5235.99,-0.00552455,0.0192229,0.333882,-0.736807,0.80396,-0.79296,0.837802
0.00512951,3.26,0,100.0,1,0.0,5235.99,-0.00557236,0.0214524,0.333905,-0.363572,0.424833,-0.785145,0.83462
0.00516146,3.282,0,100.0,1,0.0,5235.99,-0.0055632,0.0193652,0.333928,0.745664,-0.702865,0.848129,-0.785493
0.00509756,3.304,0,100.0,1,0.0,5235.99,-0.00561004,0.017217,0.333952,0.372771,-0.322948,0.840569,-0.781786
0.00503081,3.326,0,100.0,1,0.0,5235.99,-0.00572516,0.0193963,0.333976,-0.736021,0.805541,-0.792021,0.838738
0.00505989,3.348,0,100.0,1,0.0,5235.99,-0.00577321,0.021633,0.334,-0.36272,0.426362,-0.783944,0.835422
0.00509136,3.37,0,100.0,1,0.0,5235.99,-0.00575207,0.019541,0.334023,0.746499,-0.701468,0.849059,-0.784476
0.00502699,3.392,0,100.0,1,0.0,5235.99,-0.00577974,0.0173892,0.334047,0.373613,-0.321707,0.841323,-0.780819
0.00496023,3.414,0,100.0,1,0.0,5235.99,-0.00587673,0.0195652,0.33407,-0.735256,0.80675,-0.791268,0.839468
0.00498932,3.436,0,100.0,1,0.0,5235.99,-0.00592085,0.0217928,0.334094,-0.361912,0.427504,-0.78304,0.836006
0.00502079,3.458,0,100.0,1,0.0,5235.99,-0.00588288,0.0196914,0.334117,0.747275,-0.700362,0.849717,-0.783902
0.00495642,3.48,0,100.0,1,0.0,5235.99,-0.00592863,0.0175328,0.334141,0.374375,-0.320566,0.841959,-0.779744
0.00488966,3.502,0,100.0,1,0.0,5235.99,-0.00602421,0.0196976,0.334166,-0.734549,0.807823,-0.79037,0.840432
0.00491827,3.524,0,100.0,1,0.0,5235.99,-0.00606537,0.0219156,0.33419,-0.361164,0.42852,-0.7819,0.836757
0.00494974,3.546,0,100.0,1,0.0,5235.99,-0.00603697,0.019801,0.334214,0.748062,-0.699506,0.850865,-0.782753
0.00488537,3.568,0,100.0,1,0.0,5235.99,-0.00607473,0.0176249,0.334239,0.375103,-0.319677,0.842828,-0.778375
0.00481814,3.59,0,100.0,1,0.0,5235.99,-0.00618964,0.0197766,0.334264,-0.733675,0.808821,-0.789077,0.841715
0.00484722,3.612,0,100.0,1,0.0,5235.99,-0.00621861,0.0219938,0.334289,-0.360446,0.429494,-0.780358,0.837788
0.00487822,3.634,0,100.0,1,0.0,5235.99,-0.00618596,0.0198778,0.334313,0.748703,-0.698475,0.852166,-0.781479
0.00481385,3.656,0,100.0,1,0.0,5235.99,-0.00622736,0.0177065,0.334338,0.375886,-0.318709,0.843994,-0.776835
0.00474661,3.678,0,100.0,1,0.0,5235.99,-0.00633414,0.0198572,0.334363,-0.733114,0.809771,-0.787701,0.843123
0.00477522,3.7,0,100.0,1,0.0,5235.99,-0.00635986,0.0220783,0.334387,-0.359905,0.430538,-0.778701,0.83889
0.00480669,3.722,0,100.0,1,0.0,5235.99,-0.00630911,0.0199702,0.334412,0.74942,-0.697506,0.853318,-0.780289
0.00474184,3.744,0,100.0,1,0.0,5235.99,-0.0063197,0.0177923,0.334436,0.376452,-0.317801,0.844723,-0.775722
0.00467461,3.766,0,100.0,1,0.0,5235.99,-0.00641207,0.0199475,0.334461,-0.732695,0.810626,-0.786793,0.84392
0.00470322,3.788,0,100.0,1,0.0,5235.99,-0.00644102,0.0221738,0.334486,-0.359429,0.431262,-0.777581,0.839634
0.00473421,3.81,0,100.0,1,0.0,5235.99,-0.00639345,0.0200712,0.33451,0.74972,-0.696508,0.854256,-0.779313
0.00466936,3.832,0,100.0,1,0.0,5235.99,-0.00642646,0.0179183,0.334535,0.376616,-0.316853,0.845684,-0.774067
0.00460165,3.854,0,100.0,1,0.0,5235.99,-0.00651531,0.0200874,0.33456,-0.732289,0.811383,-0.785504,0.845172
0.00463026,3.876,0,100.0,1,0.0,5235.99,-0.00654584,0.0223025,0.334584,-0.359064,0.432074,-0.776059,0.840717
0.00466078,3.898,0,100.0,1,0.0,5235.99,-0.0064952,0.020201,0.334609,0.750028,-0.695864,0.855673,-0.777967
0.00459593,3.92,0,100.0,1,0.0,5235.99,-0.00651906,0.0180504,0.334634,0.376911,-0.316098,0.846711,-0.772577
0.00452822,3.942,0,100.0,1,0.0,5235.99,-0.00659899,0.020224,0.33466,-0.732091,0.812237,-0.784393,0.846421
0.00455635,3.964,0,100.0,1,0.0,5235.99,-0.00662036,0.0224583,0.334685,-0.358937,0.432951,-0.774688,0.84155
0.00458687,3.986,0,100.0,1,0.0,5235.99,-0.00656563,0.0203739,0.33471,0.750112,-0.694944,0.856682,-0.776858
0.00452154,4.008,0,100.0,1,0.0,5235.99,-0.00656985,0.0182333,0.334735,0.377078,-0.315204,0.847401,-0.771647
0.00445383,4.03,0,100.0,1,0.0,5235.99,-0.00665521,0.020417,0.33476,-0.731889,0.813153,-0.783539,0.847258
0.00448149,4.052,0,100.0,1,0.0,5235.99,-0.00668198,0.0226495,0.334785,-0.358597,0.433776,-0.77365,0.842281
0.00451201,4.074,0,100.0,1,0.0,5235.99,-0.00662992,0.0205495,0.33481,0.750579,-0.694242,0.857624,-0.775961
0.00444668,4.096,0,100.0,1,0.0,5235.99,-0.00664326,0.0183832,0.334836,0.377645,-0.314657,0.848227,-0.770362
0.00437849,4.118,0,100.0,1,0.0,5235.99,-0.00673019,0.020535,0.334861,-0.731393,0.813717,-0.782395,0.848323
0.00440663,4.14,0,100.0,1,0.0,5235.99,-0.00674672,0.022749,0.334886,-0.358229,0.434268,-0.772383,0.843165
0.00443714,4.162,0,100.0,1,0.0,5235.99,-0.00669902,0.0206387,0.334911,0.750866,-0.693764,0.858821,-0.774804
0.00437134,4.184,0,100.0,1,0.0,5235.99,-0.00669614,0.0184711,0.334936,0.377828,-0.314184,0.849047,-0.769113
0.00430315,4.206,0,100.0,1,0.0,5235.99,-0.00675947,0.0206181,0.334962,-0.731248,0.814143,-0.781629,0.849153
0.00433129,4.228,0,100.0,1,0.0,5235.99,-0.00676114,0.0228308,0.334987,-0.358166,0.434762,-0.771619,0.843653
0.00436133,4.25,0,100.0,1,0.0,5235.99,-0.00669496,0.0207224,0.335012,0.750935,-0.693382,0.859231,-0.774353
0.004296,4.272,0,100.0,1,0.0,5235.99,-0.00670301,0.018554,0.335037,0.37782,-0.313801,0.849509,-0.768409
0.00422734,4.294,0,100.0,1,0.0,5235.99,-0.0067644,0.0207136,0.335062,-0.731403,0.814462,-0.780967,0.849726
0.00425499,4.316,0,100.0,1,0.0,5235.99,-0.00677659,0.0229368,0.335088,-0.358398,0.435124,-0.770718,0.844256
0.00428503,4.338,0,100.0,1,0.0,5235.99,-0.0067228,0.0208474,0.335113,0.750646,-0.692946,0.86009,-0.773438
0.00421923,4.36,0,100.0,1,0.0,5235.99,-0.00673613,0.0186994,0.335138,0.377639,-0.313363,0.850274,-0.76738
0.00415057,4.382,0,100.0,1,0.0,5235.99,-0.00679106,0.0208628,0.335163,-0.731644,0.814959,-0.780168,0.850558
0.00417822,4.404,0,100.0,1,0.0,5235.99,-0.00678997,0.0230984,0.335188,-0.358617,0.435381,-0.769819,0.844813
0.00420826,4.426,0,100.0,1,0.0,5235.99,-0.00671907,0.0209954,0.335213,0.750533,-0.69284,0.860678,-0.772969
0.00414246,4.448,0,100.0,1,0.0,5235.99,-0.0067199,0.0188196,0.335238,0.37755,-0.313492,0.850664,-0.766895
0.00407379,4.47,0,100.0,1,0.0,5235.99,-0.00678672,0.0209464,0.335264,-0.731538,0.81462,-0.779634,0.851162
0.00410145,4.492,0,100.0,1,0.0,5235.99,-0.00678993,0.0231301,0.335289,-0.358385,0.435041,-0.769138,0.845259
0.00413149,4.514,0,100.0,1,0.0,5235.99,-0.006734,0.0209951,0.335314,0.750713,-0.693079,0.861406,-0.772258
0.00406569,4.536,0,100.0,1,0.0,5235.99,-0.00673855,0.0187998,0.335339,0.377697,-0.313568,0.851222,-0.766011
0.0039975,4.558,0,100.0,1,0.0,5235.99,-0.00679872,0.0209168,0.335365,-0.731273,0.814465,-0.778951,0.85176
0.00402468,4.58,0,100.0,1,0.0,5235.99,-0.00678433,0.0230908,0.33539,-0.35838,0.434927,-0.768518,0.845681
0.0040552,4.602,0,100.0,1,0.0,5235.99,-0.0067119,0.0209673,0.335415,0.750517,-0.693195,0.86181,-0.771866
0.00398939,4.624,0,100.0,1,0.0,5235.99,-0.00671653,0.018783,0.33544,0.377499,-0.313693,0.851491,-0.765472
0.00392073,4.646,0,100.0,1,0.0,5235.99,-0.006769,0.0209076,0.335465,-0.731471,0.814448,-0.778699,0.852051
0.00394839,4.668,0,100.0,1,0.0,5235.99,-0.00677295,0.0230865,0.33549,-0.358359,0.434907,-0.768047,0.845978
0.0039789,4.69,0,100.0,1,0.0,5235.99,-0.00670396,0.0209504,0.335515,0.750606,-0.693241,0.862147,-0.771377
0.0039131,4.712,0,100.0,1,0.0,5235.99,-0.00668167,0.0187692,0.335541,0.377329,-0.313616,0.851601,-0.765313
0.00384444,4.734,0,100.0,1,0.0,5235.99,-0.00675452,0.0209169,0.335566,-0.731692,0.814616,-0.778348,0.852384
0.00387162,4.756,0,100.0,1,0.0,5235.99,-0.00674329,0.0231166,0.335591,-0.358581,0.435054,-0.767859,0.846131
0.00390213,4.778,0,100.0,1,0.0,5235.99,-0.00667706,0.0209946,0.335616,0.750473,-0.693119,0.862368,-0.771259
0.00383585,4.8,0,100.0,1,0.0,5235.99,-0.00667081,0.0188235,0.335641,0.377205,-0.313528,0.851914,-0.764924
0.00376767,4.822,0,100.0,1,0.0,5235.99,-0.00673596,0.0209733,0.335667,-0.731857,0.814669,-0.778135,0.852736
0.00379484,4.844,0,100.0,1,0.0,5235.99,-0.00673353,0.0231748,0.335693,-0.358701,0.435079,-0.767396,0.846399
0.00382489,4.866,0,100.0,1,0.0,5235.99,-0.00667012,0.0210425,0.335718,0.750486,-0.693231,0.86276,-0.770892
0.00375908,4.888,0,100.0,1,0.0,5235.99,-0.0066527,0.0188428,0.335744,0.377351,-0.313745,0.85203,-0.764563
0.00369089,4.91,0,100.0,1,0.0,5235.99,-0.00670939,0.0209695,0.33577,-0.731802,0.814422,-0.777886,0.852827
0.00371807,4.932,0,100.0,1,0.0,5235.99,-0.0066929,0.0231556,0.335796,-0.358769,0.434792,-0.767377,0.846478
0.00374811,4.954,0,100.0,1,0.0,5235.99,-0.00662225,0.0210159,0.335821,0.750356,-0.693562,0.862763,-0.770902
0.00368279,4.976,0,100.0,1,0.0,5235.99,-0.00660698,0.0188095,0.335846,0.377222,-0.314145,0.852043,-0.764513
0.00361412,4.998,0,100.0,1,0.0,5235.99,-0.00667554,0.0209174,0.335871,-0.731831,0.813914,-0.777686,0.852948
0.00364178,5.02,0,100.0,1,0.0,5235.99,-0.00666278,0.0230855,0.335896,-0.358705,0.434379,-0.767189,0.846555
0.0036723,5.042,0,100.0,1,0.0,5235.99,-0.0065833,0.0209354,0.335921,0.750396,-0.693855,0.862738,-0.770898
0.00360697,5.064,0,100.0,1,0.0,5235.99,-0.00658391,0.0187272,0.335947,0.377236,-0.3145,0.852291,-0.764342
0.00353831,5.086,0,100.0,1,0.0,5235.99,-0.00662864,0.0208384,0.335972,-0.732008,0.813657,-0.777724,0.852908
0.00356596,5.108,0,100.0,1,0.0,5235.99,-0.00663575,0.0230194,0.335997,-0.358907,0.43413,-0.766983,0.846729
0.00359648,5.13,0,100.0,1,0.0,5235.99,-0.00655425,0.020883,0.336022,0.750154,-0.694024,0.862892,-0.770736
0.00353068,5.152,0,100.0,1,0.0,5235.99,-0.00656635,0.018689,0.336047,0.377166,-0.314585,0.852427,-0.764103
0.00346249,5.174,0,100.0,1,0.0,5235.99,-0.0066145,0.0208026,0.336073,-0.731982,0.813489,-0.777578,0.853187
0.00349015,5.196,0,100.0,1,0.0,5235.99,-0.0066237,0.0229833,0.336098,-0.35896,0.433995,-0.766631,0.84692
0.00352066,5.218,0,100.0,1,0.0,5235.99,-0.00652618,0.0208613,0.336123,0.749839,-0.694067,0.86298,-0.77057
0.00345486,5.24,0,100.0,1,0.0,5235.99,-0.0065285,0.018692,0.336148,0.376838,-0.314534,0.852433,-0.76416
0.00338667,5.262,0,100.0,1,0.0,5235.99,-0.00658244,0.0208268,0.336173,-0.732337,0.81358,-0.777601,0.853249
0.00341385,5.284,0,100.0,1,0.0,5235.99,-0.00657462,0.0230263,0.336199,-0.359446,0.434046,-0.766812,0.846854
0.00344437,5.306,0,100.0,1,0.0,5235.99,-0.00649216,0.0209228,0.336224,0.749555,-0.694099,0.863015,-0.770644
0.00337857,5.328,0,100.0,1,0.0,5235.99,-0.00648215,0.018764,0.336249,0.376319,-0.31445,0.852231,-0.764242
0.0033099,5.35,0,100.0,1,0.0,5235.99,-0.00654208,0.0209194,0.336274,-0.732717,0.813625,-0.777681,0.853077
0.00333708,5.372,0,100.0,1,0.0,5235.99,-0.00653224,0.0231229,0.336299,-0.359679,0.434114,-0.767073,0.846612
0.00336712,5.394,0,100.0,1,0.0,5235.99,-0.00644882,0.0210142,0.336324,0.749241,-0.694086,0.862724,-0.77082
0.00330132,5.416,0,100.0,1,0.0,5235.99,-0.00644829,0.0188576,0.33635,0.375854,-0.314476,0.852191,-0.764364
0.00323265,5.438,0,100.0,1,0.0,5235.99,-0.00650237,0.0210139,0.336376,-0.733119,0.813493,-0.777827,0.852926
0.00325983,5.46,0,100.0,1,0.0,5235.99,-0.00650029,0.0232127,0.336401,-0.360101,0.433959,-0.767237,0.84663
0.00328987,5.482,0,100.0,1,0.0,5235.99,-0.00642155,0.0210966,0.336427,0.748943,-0.69427,0.862696,-0.770943
0.00322359,5.504,0,100.0,1,0.0,5235.99,-0.00640462,0.0189207,0.336452,0.375706,-0.314765,0.852008,-0.764787
0.00315493,5.526,0,100.0,1,0.0,5235.99,-0.00646891,0.0210646,0.336478,-0.733368,0.813275,-0.777998,0.852687
0.00318211,5.548,0,100.0,1,0.0,5235.99,-0.00646549,0.0232503,0.336504,-0.360247,0.433695,-0.767484,0.846372
0.00321215,5.57,0,100.0,1,0.0,5235.99,-0.00638836,0.0211143,0.33653,0.748896,-0.694591,0.862439,-0.771219
0.00314635,5.592,0,100.0,1,0.0,5235.99,-0.00638,0.0189143,0.336555,0.37579,-0.31517,0.851831,-0.765003
0.00307816,5.614,0,100.0,1,0.0,5235.99,-0.00643923,0.0210283,0.336581,-0.733426,0.812958,-0.778279,0.852516
0.00310534,5.636,0,100.0,1,0.0,5235.99,-0.00643151,0.0232125,0.336607,-0.360354,0.43336,-0.767809,0.846145
0.00313538,5.658,0,100.0,1,0.0,5235.99,-0.00635933,0.0210779,0.336632,0.748669,-0.694756,0.862193,-0.771454
0.00306958,5.68,0,100.0,1,0.0,5235.99,-0.00636003,0.0188944,0.336658,0.375559,-0.315257,0.85173,-0.765217
0.00300091,5.702,0,100.0,1,0.0,5235.99,-0.00641944,0.0210204,0.336684,-0.733525,0.812794,-0.778416,0.852264
0.00302857,5.724,0,100.0,1,0.0,5235.99,-0.00641284,0.0232034,0.33671,-0.360512,0.433236,-0.76805,0.846037
0.00305813,5.746,0,100.0,1,0.0,5235.99,-0.00634706,0.0210788,0.336735,0.74856,-0.694869,0.86207,-0.77157
0.00299233,5.768,0,100.0,1,0.0,5235.99,-0.00633836,0.0188933,0.336761,0.375464,-0.315388,0.851564,-0.765531
0.00292366,5.79,0,100.0,1,0.0,5235.99,-0.00640024,0.0210183,0.336787,-0.733648,0.812804,-0.77878,0.852118
0.00295132,5.812,0,100.0,1,0.0,5235.99,-0.00640411,0.0232077,0.336813,-0.360571,0.433254,-0.76821,0.845874
0.00298088,5.834,0,100.0,1,0.0,5235.99,-0.00633196,0.0210885,0.336838,0.748284,-0.694755,0.861835,-0.771734
0.00291508,5.856,0,100.0,1,0.0,5235.99,-0.00633225,0.0189243,0.336864,0.375194,-0.315247,0.851428,-0.76561
0.00284642,5.878,0,100.0,1,0.0,5235.99,-0.00639315,0.0210711,0.33689,-0.734024,0.812964,-0.778882,0.852038
0.00287312,5.9,0,100.0,1,0.0,5235.99,-0.0063894,0.0232836,0.336915,-0.360949,0.433416,-0.76844,0.845709
0.00290316,5.922,0,100.0,1,0.0,5235.99,-0.00631941,0.0211763,0.336941,0.748046,-0.694652,0.861675,-0.771991
0.00283688,5.944,0,100.0,1,0.0,5235.99,-0.00632014,0.0190193,0.336967,0.374826,-0.315003,0.851261,-0.76591
0.00276821,5.966,0,100.0,1,0.0,5235.99,-0.00638317,0.0211763,0.336992,-0.734234,0.813021,-0.77904,0.851764
0.00279492,5.988,0,100.0,1,0.0,5235.99,-0.00637383,0.0233784,0.337018,-0.361081,0.433411,-0.768784,0.845468
0.00282496,6.01,0,100.0,1,0.0,5235.99,-0.00631614,0.0212554,0.337044,0.748039,-0.694737,0.861493,-0.772175
0.00275868,6.032,0,100.0,1,0.0,5235.99,-0.00630434,0.0190741,0.337069,0.374868,-0.315267,0.850999,-0.766214
0.00269001,6.054,0,100.0,1,0.0,5235.99,-0.0063643,0.0212025,0.337095,-0.734206,0.812772,-0.779319,0.851383
0.00271719,6.076,0,100.0,1,0.0,5235.99,-0.00637147,0.023387,0.337121,-0.361129,0.433343,-0.769009,0.845328
0.00274676,6.098,0,100.0,1,0.0,5235.99,-0.00630815,0.0212614,0.337146,0.747807,-0.69469,0.861186,-0.77233
0.00268048,6.12,0,100.0,1,0.0,5235.99,-0.00630778,0.019091,0.337172,0.374695,-0.315197,0.850873,-0.766343
0.00261181,6.142,0,100.0,1,0.0,5235.99,-0.00636659,0.0212336,0.337198,-0.734368,0.812892,-0.779536,0.851283
0.00263851,6.164,0,100.0,1,0.0,5235.99,-0.00637928,0.023434,0.337224,-0.361428,0.43348,-0.769078,0.84529
0.00266808,6.186,0,100.0,1,0.0,5235.99,-0.00631174,0.021325,0.337249,0.747569,-0.694528,0.861034,-0.772455
0.0026018,6.208,0,100.0,1,0.0,5235.99,-0.00631516,0.019165,0.337275,0.37438,-0.315001,0.85081,-0.766432
0.00253266,6.23,0,100.0,1,0.0,5235.99,-0.00637987,0.0213264,0.337301,-0.734721,0.813229,-0.779518,0.851141
0.00255936,6.252,0,100.0,1,0.0,5235.99,-0.00638277,0.0235401,0.337327,-0.361595,0.433804,-0.769403,0.84515
0.00258892,6.274,0,100.0,1,0.0,5235.99,-0.00632317,0.0214282,0.337352,0.747502,-0.69439,0.860927,-0.772582
0.00252217,6.296,0,100.0,1,0.0,5235.99,-0.00631135,0.0192568,0.337378,0.374325,-0.314847,0.850598,-0.76686
0.00245303,6.318,0,100.0,1,0.0,5235.99,-0.00638543,0.0214126,0.337404,-0.734764,0.813329,-0.779754,0.850982
0.00247973,6.34,0,100.0,1,0.0,5235.99,-0.00638935,0.0236111,0.337431,-0.361562,0.433733,-0.769549,0.84497
0.00250929,6.362,0,100.0,1,0.0,5235.99,-0.00633168,0.0214894,0.337457,0.74734,-0.694238,0.860771,-0.772732
0.00244253,6.384,0,100.0,1,0.0,5235.99,-0.00633323,0.0193203,0.337483,0.374261,-0.314795,0.850536,-0.766786
0.00237339,6.406,0,100.0,1,0.0,5235.99,-0.00641207,0.0214713,0.33751,-0.734879,0.813484,-0.779717,0.851037
0.0024001,6.428,0,100.0,1,0.0,5235.99,-0.00641826,0.023683,0.337537,-0.361868,0.434245,-0.769595,0.845036
0.00242918,6.45,0,100.0,1,0.0,5235.99,-0.00636269,0.0215832,0.337563,0.747275,-0.693961,0.860821,-0.772702
0.00236243,6.472,0,100.0,1,0.0,5235.99,-0.00636569,0.0194206,0.33759,0.374231,-0.314516,0.850674,-0.766832
0.00229328,6.494,0,100.0,1,0.0,5235.99,-0.00642991,0.0215665,0.337617,-0.734827,0.813687,-0.77985,0.850939
0.00231951,6.516,0,100.0,1,0.0,5235.99,-0.00643849,0.0237628,0.337644,-0.36162,0.43418,-0.769616,0.844915
0.00234907,6.538,0,100.0,1,0.0,5235.99,-0.00637628,0.0216372,0.33767,0.747496,-0.693964,0.860737,-0.77293
0.00228232,6.56,0,100.0,1,0.0,5235.99,-0.00638214,0.0194505,0.337697,0.374406,-0.314411,0.850534,-0.766985
0.00221318,6.582,0,100.0,1,0.0,5235.99,-0.00645762,0.0215827,0.337724,-0.734615,0.813801,-0.779848,0.850853
0.0022394,6.604,0,100.0,1,0.0,5235.99,-0.00645745,0.0237696,0.337751,-0.361451,0.434308,-0.769752,0.844824
0.00226897,6.626,0,100.0,1,0.0,5235.99,-0.00640301,0.0216357,0.337777,0.747659,-0.693881,0.860743,-0.772918
0.00220221,6.648,0,100.0,1,0.0,5235.99,-0.00641641,0.0194471,0.337804,0.374536,-0.314317,0.850639,-0.766861
0.00213307,6.67,0,100.0,1,0.0,5235.99,-0.00648579,0.0215718,0.337831,-0.734449,0.813766,-0.779775,0.850968
0.00215977,6.692,0,100.0,1,0.0,5235.99,-0.00649707,0.023752,0.337858,-0.361295,0.434368,-0.769504,0.845013
0.00218886,6.714,0,100.0,1,0.0,5235.99,-0.00645108,0.0216201,0.337884,0.747789,-0.693645,0.860965,-0.772597
0.00212258,6.736,0,100.0,1,0.0,5235.99,-0.00645082,0.0194336,0.337911,0.374782,-0.314209,0.850742,-0.76669
0.00205296,6.758,0,100.0,1,0.0,5235.99,-0.0065316,0.0215588,0.337938,-0.734166,0.814039,-0.779611,0.851263
0.00207966,6.78,0,100.0,1,0.0,5235.99,-0.00654514,0.0237453,0.337965,-0.361083,0.434596,-0.769122,0.845238
0.00210923,6.802,0,100.0,1,0.0,5235.99,-0.00647479,0.0216136,0.337991,0.747993,-0.693477,0.861068,-0.772575
0.00204247,6.824,0,100.0,1,0.0,5235.99,-0.00648113,0.0194291,0.338018,0.374909,-0.314025,0.850882,-0.766476
0.00197333,6.846,0,100.0,1,0.0,5235.99,-0.00653746,0.0215598,0.338045,-0.73423,0.814236,-0.779613,0.851173
0.00200003,6.868,0,100.0,1,0.0,5235.99,-0.00653896,0.0237558,0.338072,-0.361132,0.434881,-0.769433,0.845112
0.00202912,6.89,0,100.0,1,0.0,5235.99,-0.00647934,0.0216377,0.338098,0.748051,-0.69327,0.86097,-0.772689
0.00196236,6.912,0,100.0,1,0.0,5235.99,-0.00649699,0.0194578,0.338125,0.37511,-0.313719,0.850834,-0.76656
0.00189322,6.934,0,100.0,1,0.0,5235.99,-0.00657149,0.0215823,0.338152,-0.733873,0.814432,-0.779451,0.851286
0.00191992,6.956,0,100.0,1,0.0,5235.99,-0.00657905,0.0237657,0.338179,-0.360731,0.434972,-0.769142,0.845311
0.00194901,6.978,0,100.0,1,0.0,5235.99,-0.00651633,0.0216356,0.338205,0.748319,-0.693184,0.861243,-0.772398
0.00188225,7.0,0,100.0,1,0.0,5235.99,-0.00652906,0.0194509,0.338232,0.375231,-0.313601,0.851084,-0.766251
0.00181311,7.022,0,100.0,1,0.0,5235.99,-0.00658846,0.0215863,0.338259,-0.733852,0.814661,-0.779373,0.851438
0.00183981,7.044,0,100.0,1,0.0,5235.99,-0.0065886,0.0237814,0.338286,-0.360806,0.435063,-0.768959,0.845358
0.0018689,7.066,0,100.0,1,0.0,5235.99,-0.00653317,0.0216586,0.338312,0.748288,-0.693063,0.861426,-0.772243
0.00180214,7.088,0,100.0,1,0.0,5235.99,-0.0065315,0.0194755,0.338339,0.375158,-0.313422,0.850947,-0.76611
0.001733,7.11,0,100.0,1,0.0,5235.99,-0.00660281,0.0216173,0.338366,-0.7339,0.814717,-0.779118,0.851527
0.00175923,7.132,0,100.0,1,0.0,5235.99,-0.00660372,0.0238107,0.338393,-0.36079,0.435215,-0.768812,0.845472
0.00178831,7.154,0,100.0,1,0.0,5235.99,-0.00654431,0.0216828,0.338419,0.748235,-0.692838,0.861438,-0.77209
0.00172156,7.176,0,100.0,1,0.0,5235.99,-0.00655206,0.0195074,0.338446,0.375193,-0.31326,0.851113,-0.765902
0.00165242,7.198,0,100.0,1,0.0,5235.99,-0.00662445,0.021647,0.338473,-0.733807,0.814886,-0.778957,0.851733
0.00167864,7.22,0,100.0,1,0.0,5235.99,-0.00663497,0.0238401,0.3385,-0.360721,0.435404,-0.768453,0.84572
0.00170821,7.242,0,100.0,1,0.0,5235.99,-0.00656667,0.0217091,0.338526,0.748427,-0.692841,0.861732,-0.771922
0.00164145,7.264,0,100.0,1,0.0,5235.99,-0.00657594,0.0195155,0.338553,0.375434,-0.313428,0.851459,-0.765645
0.00157231,7.286,0,100.0,1,0.0,5235.99,-0.00664971,0.0216281,0.33858,-0.733503,0.814771,-0.778734,0.852052
0.00159901,7.308,0,100.0,1,0.0,5235.99,-0.00665514,0.0238004,0.338607,-0.360446,0.435335,-0.768176,0.845909
0.0016281,7.33,0,100.0,1,0.0,5235.99,-0.00658746,0.0216644,0.338633,0.74866,-0.69281,0.861982,-0.77171
0.00156134,7.352,0,100.0,1,0.0,5235.99,-0.00658948,0.0194741,0.33866,0.375584,-0.313247,0.851558,-0.765478
0.0014922,7.374,0,100.0,1,0.0,5235.99,-0.00665927,0.0216049,0.338687,-0.733443,0.814993,-0.778545,0.852108
0.0015189,7.396,0,100.0,1,0.0,5235.99,-0.00665549,0.0237854,0.338714,-0.360247,0.435506,-0.7682,0.845884
0.00154799,7.418,0,100.0,1,0.0,5235.99,-0.00659533,0.0216504,0.33874,0.748838,-0.692687,0.862076,-0.771609
0.00148171,7.44,0,100.0,1,0.0,5235.99,-0.00659872,0.0194532,0.338767,0.375761,-0.313239,0.851682,-0.76529
0.00141257,7.462,0,100.0,1,0.0,5235.99,-0.00666517,0.0215721,0.338794,-0.73323,0.814936,-0.778526,0.852366
0.00143879,7.484,0,100.0,1,0.0,5235.99,-0.00667074,0.0237496,0.338821,-0.36012,0.435413,-0.767837,0.846116
0.00146836,7.506,0,100.0,1,0.0,5235.99,-0.00659669,0.0216081,0.338847,0.7489,-0.692645,0.862122,-0.771419
0.0014016,7.528,0,100.0,1,0.0,5235.99,-0.00660559,0.019424,0.338874,0.375814,-0.313193,0.851831,-0.765061
0.00133246,7.55,0,100.0,1,0.0,5235.99,-0.00666753,0.0215485,0.338901,-0.733247,0.814963,-0.778286,0.85249
0.00135916,7.572,0,100.0,1,0.0,5235.99,-0.00667816,0.0237353,0.338928,-0.360148,0.435518,-0.767593,0.846307
0.00138872,7.594,0,100.0,1,0.0,5235.99,-0.00661505,0.0216053,0.338954,0.749019,-0.692645,0.862508,-0.771141
0.00132197,7.616,0,100.0,1,0.0,5235.99,-0.00661576,0.0194054,0.338981,0.375925,-0.313311,0.852052,-0.764699
0.00125283,7.638,0,100.0,1,0.0,5235.99,-0.00668016,0.0215197,0.339008,-0.733043,0.814846,-0.778051,0.85283
0.00127953,7.66,0,100.0,1,0.0,5235.99,-0.0066853,0.0236938,0.339035,-0.360001,0.435385,-0.767266,0.8465
0.00130909,7.682,0,100.0,1,0.0,5235.99,-0.00661242,0.0215558,0.339061,0.749099,-0.692735,0.862697,-0.770989
0.00124281,7.704,0,100.0,1,0.0,5235.99,-0.00660274,0.0193695,0.339088,0.375859,-0.313175,0.852007,-0.764616
0.00117319,7.726,0,100.0,1,0.0,5235.99,-0.00667002,0.0215046,0.339115,-0.733171,0.814969,-0.777864,0.852798
0.0011999,7.748,0,100.0,1,0.0,5235.99,-0.00666466,0.0236941,0.339142,-0.360063,0.43541,-0.767318,0.846491
0.00122946,7.77,0,100.0,1,0.0,5235.99,-0.00659249,0.0215647,0.339168,0.748955,-0.692684,0.862606,-0.770938
0.0011627,7.792,0,100.0,1,0.0,5235.99,-0.00659444,0.0193809,0.339195,0.375828,-0.313238,0.852059,-0.764436
0.00109356,7.814,0,100.0,1,0.0,5235.99,-0.00665683,0.0215136,0.339222,-0.733273,0.814915,-0.77788,0.852957
0.00112027,7.836,0,100.0,1,0.0,5235.99,-0.00666757,0.0237052,0.339249,-0.36015,0.435391,-0.76702,0.846666
0.00114983,7.858,0,100.0,1,0.0,5235.99,-0.00659836,0.0215783,0.339275,0.74892,-0.69277,0.862949,-0.770716
0.00108307,7.88,0,100.0,1,0.0,5235.99,-0.00659026,0.0193961,0.339302,0.37572,-0.313142,0.85222,-0.764348
0.00101393,7.902,0,100.0,1,0.0,5235.99,-0.00665543,0.0215394,0.339329,-0.733337,0.814971,-0.777678,0.853061
0.00104063,7.924,0,100.0,1,0.0,5235.99,-0.00664971,0.0237314,0.339356,-0.360279,0.43547,-0.767098,0.846674
0.00106972,7.946,0,100.0,1,0.0,5235.99,-0.00658605,0.0216063,0.339382,0.748868,-0.692711,0.862945,-0.770691
0.00100344,7.968,0,100.0,1,0.0,5235.99,-0.00658795,0.0194142,0.339409,0.375827,-0.313328,0.852352,-0.764187
0.000934299,7.99,0,100.0,1,0.0,5235.99,-0.00664176,0.021534,0.339436,-0.733242,0.81477,-0.77769,0.853142
0.00101202,8.01,0,100.0,1,0.0,5235.99,-0.00657313,0.0215845,0.33946,0.748923,-0.692895,0.862953,-0.770711
0.000898059,8.03,0,100.0,1,0.0,5235.99,-0.00663416,0.0215156,0.339485,-0.733219,0.814658,-0.777641,0.853078
0.000975784,8.05,0,100.0,1,0.0,5235.99,-0.00656352,0.021562,0.339509,0.748917,-0.692985,0.862938,-0.770727
0.000862296,8.07,0,100.0,1,0.0,5235.99,-0.00662217,0.0214941,0.339533,-0.73328,0.814613,-0.777707,0.853072
0.000940021,8.09,0,100.0,1,0.0,5235.99,-0.00656392,0.0215426,0.339557,0.748958,-0.693051,0.863004,-0.770652
0.000826057,8.11,0,100.0,1,0.0,5235.99,-0.00662486,0.0214719,0.339582,-0.733262,0.814592,-0.777612,0.853155
0.000903781,8.13,0,100.0,1,0.0,5235.99,-0.00656278,0.0215229,0.339606,0.74896,-0.693087,0.86306,-0.770578
0.000790294,8.15,0,100.0,1,0.0,5235.99,-0.00662669,0.0214537,0.339631,-0.733151,0.814572,-0.777539,0.853184
0.000868018,8.17,0,100.0,1,0.0,5235.99,-0.00655994,0.0214978,0.339654,0.749046,-0.69318,0.863097,-0.770538
0.000754054,8.19,0,100.0,1,0.0,5235.99,-0.00662802,0.0214294,0.339678,-0.733134,0.81447,-0.777428,0.853322
0.000832256,8.21,0,100.0,1,0.0,5235.99,-0.0065435,0.0214754,0.339702,0.749006,-0.693225,0.863007,-0.770619
0.000718292,8.23,0,100.0,1,0.0,5235.99,-0.00659817,0.0214098,0.339726,-0.733164,0.814445,-0.777674,0.853041
0.000796493,8.25,0,100.0,1,0.0,5235.99,-0.00652412,0.0214592,0.33975,0.749028,-0.693337,0.862889,-0.770773
0.000682529,8.27,0,100.0,1,0.0,5235.99,-0.00658086,0.0213881,0.339774,-0.733123,0.814301,-0.777759,0.852926
0.00076073,8.29,0,100.0,1,0.0,5235.99,-0.00649878,0.0214395,0.339797,0.748808,-0.693318,0.862724,-0.770952
0.000646766,8.31,0,100.0,1,0.0,5235.99,-0.00656076,0.0213815,0.33982,-0.73333,0.814212,-0.777877,0.852864
0.000724967,8.33,0,100.0,1,0.0,5235.99,-0.00648169,0.0214291,0.339843,0.748837,-0.693548,0.86263,-0.771027
0.000611003,8.35,0,100.0,1,0.0,5235.99,-0.00655168,0.0213644,0.339867,-0.733377,0.814199,-0.777969,0.852862
0.000689205,8.37,0,100.0,1,0.0,5235.99,-0.00647394,0.0214272,0.33989,0.748637,-0.693444,0.862628,-0.77106
0.00057524,8.39,0,100.0,1,0.0,5235.99,-0.00653229,0.0213742,0.339914,-0.733672,0.814088,-0.777997,0.852805
0.000652965,8.41,0,100.0,1,0.0,5235.99,-0.00646368,0.0214351,0.339937,0.748487,-0.693574,0.862575,-0.77099
0.000539001,8.43,0,100.0,1,0.0,5235.99,-0.00653066,0.0213885,0.33996,-0.733767,0.814253,-0.777973,0.852727
0.000617202,8.45,0,100.0,1,0.0,5235.99,-0.00646185,0.0214695,0.339984,0.748362,-0.693429,0.862606,-0.77103
0.000503238,8.47,0,100.0,1,0.0,5235.99,-0.00651984,0.0214255,0.340008,-0.733915,0.814184,-0.778005,0.852714
0.000580963,8.49,0,100.0,1,0.0,5235.99,-0.00644975,0.0214984,0.340032,0.748225,-0.693522,0.862541,-0.771064
0.000466998,8.51,0,100.0,1,0.0,5235.99,-0.00651957,0.0214451,0.340056,-0.73394,0.814123,-0.778018,0.852759
0.000544723,8.53,0,100.0,1,0.0,5235.99,-0.00645587,0.0215134,0.340079,0.748292,-0.693551,0.862613,-0.771021
